<?xml version="1.0" encoding="UTF-8"?>
<configurationDescriptor version="62">
  <logicalFolder name="root" displayName="root" projectFiles="true">
    <logicalFolder name="LinkerScript"
                   displayName="Linker Files"
                   projectFiles="true">
      <itemPath>../linker/pic18f67j60.lkr</itemPath>
      <itemPath>../linker/pic18f97j60.lkr</itemPath>
    </logicalFolder>
    <logicalFolder name="f1" displayName="src" projectFiles="true">
      <logicalFolder name="Configs" displayName="Configs" projectFiles="true">
        <itemPath>../src/Configs/HWP PICDN2_ETH97.h</itemPath>
        <itemPath>../src/Configs/TCPIP ETH97.h</itemPath>
        <itemPath>../src/Configs/HWP PIC32_ETH_SK_ETH795.h</itemPath>
        <itemPath>../src/Configs/TCPIP ETH795.h</itemPath>
        <itemPath>../src/Configs/HWP INTERNET_RADIO.h</itemPath>
        <itemPath>../src/unabto_config.h</itemPath>
      </logicalFolder>
      <logicalFolder name="Extra" displayName="Extra" projectFiles="true">
        <itemPath>../src/Extra/OLED.h</itemPath>
        <itemPath>../src/Extra/OSDOLED.c</itemPath>
      </logicalFolder>
      <logicalFolder name="Source" displayName="FreeRTOS" projectFiles="true">
        <logicalFolder name="include" displayName="include" projectFiles="true">
          <itemPath>../../../external/FreeRTOS/Source/include/croutine.h</itemPath>
          <itemPath>../../../external/FreeRTOS/Source/include/FreeRTOS.h</itemPath>
          <itemPath>../../../external/FreeRTOS/Source/include/list.h</itemPath>
          <itemPath>../../../external/FreeRTOS/Source/include/mpu_wrappers.h</itemPath>
          <itemPath>../../../external/FreeRTOS/Source/include/portable.h</itemPath>
          <itemPath>../../../external/FreeRTOS/Source/include/projdefs.h</itemPath>
          <itemPath>../../../external/FreeRTOS/Source/include/queue.h</itemPath>
          <itemPath>../../../external/FreeRTOS/Source/include/semphr.h</itemPath>
          <itemPath>../../../external/FreeRTOS/Source/include/StackMacros.h</itemPath>
          <itemPath>../../../external/FreeRTOS/Source/include/task.h</itemPath>
          <itemPath>../../../external/FreeRTOS/Source/include/timers.h</itemPath>
        </logicalFolder>
        <logicalFolder name="portable" displayName="portable" projectFiles="true">
          <logicalFolder name="MemMang" displayName="MemMang" projectFiles="true">
            <itemPath>../../../external/FreeRTOS/Source/portable/MemMang/heap_3.c</itemPath>
          </logicalFolder>
          <logicalFolder name="MPLAB" displayName="MPLAB" projectFiles="true">
            <logicalFolder name="PIC32MX" displayName="PIC32MX" projectFiles="true">
              <itemPath>../../../external/FreeRTOS/Source/portable/MPLAB/PIC32MX/ISR_Support.h</itemPath>
              <itemPath>../../../external/FreeRTOS/Source/portable/MPLAB/PIC32MX/port.c</itemPath>
              <itemPath>../../../external/FreeRTOS/Source/portable/MPLAB/PIC32MX/portmacro.h</itemPath>
              <itemPath>../../../external/FreeRTOS/Source/portable/MPLAB/PIC32MX/port_asm.S</itemPath>
            </logicalFolder>
          </logicalFolder>
        </logicalFolder>
        <itemPath>../../../external/FreeRTOS/Source/croutine.c</itemPath>
        <itemPath>../../../external/FreeRTOS/Source/list.c</itemPath>
        <itemPath>../../../external/FreeRTOS/Source/queue.c</itemPath>
        <itemPath>../../../external/FreeRTOS/Source/tasks.c</itemPath>
        <itemPath>../../../external/FreeRTOS/Source/timers.c</itemPath>
      </logicalFolder>
      <logicalFolder name="TCPIP Stack" displayName="TCPIP" projectFiles="true">
        <itemPath>../../../external/Microchip/TCPIP Stack/ARP.c</itemPath>
        <itemPath>../../../external/Microchip/TCPIP Stack/DHCP.c</itemPath>
        <itemPath>../../../external/Microchip/TCPIP Stack/DNS.c</itemPath>
        <itemPath>../../../external/Microchip/TCPIP Stack/ETH97J60.c</itemPath>
        <itemPath>../../../external/Microchip/TCPIP Stack/Helpers.c</itemPath>
        <itemPath>../../../external/Microchip/TCPIP Stack/ICMP.c</itemPath>
        <itemPath>../../../external/Microchip/TCPIP Stack/IP.c</itemPath>
        <itemPath>../../../external/Microchip/TCPIP Stack/StackTsk.c</itemPath>
        <itemPath>../../../external/Microchip/TCPIP Stack/Tick.c</itemPath>
        <itemPath>../../../external/Microchip/TCPIP Stack/UDP.c</itemPath>
        <itemPath>../../../external/Microchip/Include/Compiler.h</itemPath>
        <itemPath>../../../external/Microchip/Include/GenericTypeDefs.h</itemPath>
        <itemPath>../../../external/Microchip/Include/TCPIP Stack/ARP.h</itemPath>
        <itemPath>../../../external/Microchip/Include/TCPIP Stack/DHCP.h</itemPath>
        <itemPath>../../../external/Microchip/Include/TCPIP Stack/DNS.h</itemPath>
        <itemPath>../../../external/Microchip/Include/TCPIP Stack/ETH97J60.h</itemPath>
        <itemPath>../../../external/Microchip/Include/TCPIP Stack/Helpers.h</itemPath>
        <itemPath>../../../external/Microchip/Include/TCPIP Stack/ICMP.h</itemPath>
        <itemPath>../../../external/Microchip/Include/TCPIP Stack/IP.h</itemPath>
        <itemPath>../../../external/Microchip/Include/TCPIP Stack/MAC.h</itemPath>
        <itemPath>../../../external/Microchip/Include/TCPIP Stack/SPIFlash.h</itemPath>
        <itemPath>../../../external/Microchip/Include/TCPIP Stack/SPIRAM.h</itemPath>
        <itemPath>../../../external/Microchip/Include/TCPIP Stack/StackTsk.h</itemPath>
        <itemPath>../../../external/Microchip/Include/TCPIP Stack/TCPIP.h</itemPath>
        <itemPath>../../../external/Microchip/Include/TCPIP Stack/Tick.h</itemPath>
        <itemPath>../../../external/Microchip/Include/TCPIP Stack/UDP.h</itemPath>
        <itemPath>../../../external/Microchip/Include/TCPIP Stack/XEEPROM.h</itemPath>
        <itemPath>../../../external/Microchip/TCPIP Stack/LCDBlocking.c</itemPath>
        <itemPath>../../../external/Microchip/Include/LCDBlocking.h</itemPath>
        <itemPath>../../../external/Microchip/Include/TCPIP Stack/Delay.h</itemPath>
        <itemPath>../../../external/Microchip/TCPIP Stack/Delay.c</itemPath>
        <itemPath>../../../external/Microchip/TCPIP Stack/ETHPIC32ExtPhy.c</itemPath>
        <itemPath>../../../external/Microchip/TCPIP Stack/ETHPIC32ExtPhyDP83848.c</itemPath>
        <itemPath>../../../external/Microchip/TCPIP Stack/ETHPIC32IntMac.c</itemPath>
      </logicalFolder>
      <logicalFolder name="src" displayName="unabto" projectFiles="true">
        <logicalFolder name="f2" displayName="modules" projectFiles="true">
          <logicalFolder name="f1" displayName="network" projectFiles="true">
            <logicalFolder name="f1" displayName="microchip" projectFiles="true">
              <itemPath>../../../src/modules/network/microchip/unabto_microchip_arp.c</itemPath>
              <itemPath>../../../src/modules/network/microchip/unabto_microchip_arp.h</itemPath>
              <itemPath>../../../src/modules/network/microchip/unabto_microchip_dns.c</itemPath>
              <itemPath>../../../src/modules/network/microchip/unabto_microchip_dns.h</itemPath>
              <itemPath>../../../src/modules/network/microchip/unabto_microchip_network.c</itemPath>
              <itemPath>../../../src/modules/network/microchip/unabto_microchip_network.h</itemPath>
              <itemPath>../../../src/modules/network/microchip/unabto_microchip_time.c</itemPath>
              <itemPath>../../../src/modules/network/microchip/unabto_microchip_time.h</itemPath>
              <itemPath>../../../src/modules/network/microchip/unabto_microchip_udp.c</itemPath>
              <itemPath>../../../src/modules/network/microchip/unabto_microchip_udp.h</itemPath>
            </logicalFolder>
          </logicalFolder>
          <logicalFolder name="f2" displayName="random" projectFiles="true">
            <logicalFolder name="f1" displayName="dummy" projectFiles="true">
              <itemPath>../../../src/modules/random/dummy/unabto_random_dummy.c</itemPath>
            </logicalFolder>
          </logicalFolder>
        </logicalFolder>
        <logicalFolder name="devices" displayName="platforms" projectFiles="true">
          <logicalFolder name="microchip" displayName="microchip" projectFiles="true">
            <itemPath>../../../src/platforms/microchip/unabto_logging_mchip.h</itemPath>
          </logicalFolder>
          <logicalFolder name="pic18" displayName="pic18" projectFiles="true">
            <itemPath>../../../src/platforms/pic18/unabto_platform.c</itemPath>
            <itemPath>../../../src/platforms/pic18/unabto_platform.h</itemPath>
            <itemPath>../../../src/platforms/pic18/unabto_platform_logging.h</itemPath>
            <itemPath>../../../src/platforms/pic18/unabto_platform_types.h</itemPath>
            <itemPath>../../../src/platforms/pic18/debug_channel.c</itemPath>
            <itemPath>../../../src/platforms/pic18/debug_channel.h</itemPath>
          </logicalFolder>
          <logicalFolder name="pic32" displayName="pic32" projectFiles="true">
            <itemPath>../../../src/platforms/pic32/unabto_environment_pic32.c</itemPath>
            <itemPath>../../../src/platforms/pic32/unabto_platform_types.h</itemPath>
            <itemPath>../../../src/platforms/pic32/unabto_platform.h</itemPath>
          </logicalFolder>
          <itemPath>../../../src/platforms/unabto_common_types.h</itemPath>
        </logicalFolder>
        <logicalFolder name="f1" displayName="unabto" projectFiles="true">
          <logicalFolder name="f1" displayName="util" projectFiles="true">
            <itemPath>../../../src/unabto/util/unabto_buffer.c</itemPath>
            <itemPath>../../../src/unabto/util/unabto_buffer.h</itemPath>
            <itemPath>../../../src/unabto/util/unabto_queue.c</itemPath>
            <itemPath>../../../src/unabto/util/unabto_queue.h</itemPath>
          </logicalFolder>
          <itemPath>../../../src/unabto/unabto.h</itemPath>
          <itemPath>../../../src/unabto/unabto_app.h</itemPath>
          <itemPath>../../../src/unabto/unabto_app_adapter.c</itemPath>
          <itemPath>../../../src/unabto/unabto_app_adapter.h</itemPath>
          <itemPath>../../../src/unabto/unabto_attach.c</itemPath>
          <itemPath>../../../src/unabto/unabto_attach.h</itemPath>
          <itemPath>../../../src/unabto/unabto_common_main.c</itemPath>
          <itemPath>../../../src/unabto/unabto_common_main.h</itemPath>
          <itemPath>../../../src/unabto/unabto_config_defaults.h</itemPath>
          <itemPath>../../../src/unabto/unabto_config_derived.h</itemPath>
          <itemPath>../../../src/unabto/unabto_connection.c</itemPath>
          <itemPath>../../../src/unabto/unabto_connection.h</itemPath>
          <itemPath>../../../src/unabto/unabto_context.c</itemPath>
          <itemPath>../../../src/unabto/unabto_context.h</itemPath>
          <itemPath>../../../src/unabto/unabto_crypto.c</itemPath>
          <itemPath>../../../src/unabto/unabto_crypto.h</itemPath>
          <itemPath>../../../src/unabto/unabto_environment.h</itemPath>
          <itemPath>../../../src/unabto/unabto_external_environment.h</itemPath>
          <itemPath>../../../src/unabto/unabto_logging.h</itemPath>
          <itemPath>../../../src/unabto/unabto_main_contexts.h</itemPath>
          <itemPath>../../../src/unabto/unabto_message.c</itemPath>
          <itemPath>../../../src/unabto/unabto_message.h</itemPath>
          <itemPath>../../../src/unabto/unabto_packet.c</itemPath>
          <itemPath>../../../src/unabto/unabto_packet.h</itemPath>
          <itemPath>../../../src/unabto/unabto_packet_util.c</itemPath>
          <itemPath>../../../src/unabto/unabto_packet_util.h</itemPath>
          <itemPath>../../../src/unabto/unabto_stream.c</itemPath>
          <itemPath>../../../src/unabto/unabto_stream.h</itemPath>
          <itemPath>../../../src/unabto/unabto_stream_event.c</itemPath>
          <itemPath>../../../src/unabto/unabto_stream_event.h</itemPath>
          <itemPath>../../../src/unabto/unabto_util.h</itemPath>
          <itemPath>../../../src/unabto/unabto_query_rw.c</itemPath>
          <itemPath>../../../src/unabto/unabto_query_rw.h</itemPath>
          <itemPath>../../../src/unabto/unabto_buffers.c</itemPath>
          <itemPath>../../../src/unabto/unabto_buffers.h</itemPath>
        </logicalFolder>
      </logicalFolder>
      <itemPath>../src/HardwareProfile.h</itemPath>
      <itemPath>../src/TCPIPConfig.h</itemPath>
      <itemPath>../src/main.c</itemPath>
      <itemPath>../src/application.c</itemPath>
      <itemPath>../src/main_freertos.c</itemPath>
      <itemPath>../src/FreeRTOSConfig.h</itemPath>
    </logicalFolder>
    <logicalFolder name="ExternalFiles"
                   displayName="Important Files"
                   projectFiles="false">
      <itemPath>Makefile</itemPath>
    </logicalFolder>
  </logicalFolder>
  <sourceRootList>
    <Elem>../../../src/platforms</Elem>
    <Elem>../../../src/unabto</Elem>
  </sourceRootList>
  <projectmakefile>Makefile</projectmakefile>
  <confs>
    <conf name="picdemnet2" type="2">
      <toolsSet>
        <developmentServer>localhost</developmentServer>
        <targetDevice>PIC18F97J60</targetDevice>
        <targetHeader></targetHeader>
        <targetPluginBoard></targetPluginBoard>
        <platformTool>ICD3PlatformTool</platformTool>
        <languageToolchain>C18</languageToolchain>
        <languageToolchainVersion>3.40</languageToolchainVersion>
        <platform>2</platform>
      </toolsSet>
      <compileType>
        <linkerTool>
          <linkerLibItems>
          </linkerLibItems>
        </linkerTool>
        <loading>
          <useAlternateLoadableFile>false</useAlternateLoadableFile>
          <alternateLoadableFile></alternateLoadableFile>
        </loading>
      </compileType>
      <makeCustomizationType>
        <makeCustomizationPreStepEnabled>false</makeCustomizationPreStepEnabled>
        <makeCustomizationPreStep></makeCustomizationPreStep>
        <makeCustomizationPostStepEnabled>false</makeCustomizationPostStepEnabled>
        <makeCustomizationPostStep></makeCustomizationPostStep>
        <makeCustomizationPutChecksumInUserID>false</makeCustomizationPutChecksumInUserID>
        <makeCustomizationEnableLongLines>false</makeCustomizationEnableLongLines>
        <makeCustomizationNormalizeHexFile>false</makeCustomizationNormalizeHexFile>
      </makeCustomizationType>
      <item path="../../../external/FreeRTOS/Source/croutine.c"
            ex="true"
            overriding="false">
        <C18>
        </C18>
        <C18-AS>
        </C18-AS>
        <C18-LD>
        </C18-LD>
        <C18LanguageToolchain>
        </C18LanguageToolchain>
      </item>
      <item path="../../../external/FreeRTOS/Source/include/FreeRTOS.h"
            ex="true"
            overriding="false">
        <C18>
        </C18>
        <C18-AS>
        </C18-AS>
        <C18-LD>
        </C18-LD>
        <C18LanguageToolchain>
        </C18LanguageToolchain>
      </item>
      <item path="../../../external/FreeRTOS/Source/include/StackMacros.h"
            ex="true"
            overriding="false">
        <C18>
        </C18>
        <C18-AS>
        </C18-AS>
        <C18-LD>
        </C18-LD>
        <C18LanguageToolchain>
        </C18LanguageToolchain>
      </item>
      <item path="../../../external/FreeRTOS/Source/include/croutine.h"
            ex="true"
            overriding="false">
        <C18>
        </C18>
        <C18-AS>
        </C18-AS>
        <C18-LD>
        </C18-LD>
        <C18LanguageToolchain>
        </C18LanguageToolchain>
      </item>
      <item path="../../../external/FreeRTOS/Source/include/list.h"
            ex="true"
            overriding="false">
        <C18>
        </C18>
        <C18-AS>
        </C18-AS>
        <C18-LD>
        </C18-LD>
        <C18LanguageToolchain>
        </C18LanguageToolchain>
      </item>
      <item path="../../../external/FreeRTOS/Source/include/mpu_wrappers.h"
            ex="true"
            overriding="false">
        <C18>
        </C18>
        <C18-AS>
        </C18-AS>
        <C18-LD>
        </C18-LD>
        <C18LanguageToolchain>
        </C18LanguageToolchain>
      </item>
      <item path="../../../external/FreeRTOS/Source/include/portable.h"
            ex="true"
            overriding="false">
        <C18>
        </C18>
        <C18-AS>
        </C18-AS>
        <C18-LD>
        </C18-LD>
        <C18LanguageToolchain>
        </C18LanguageToolchain>
      </item>
      <item path="../../../external/FreeRTOS/Source/include/projdefs.h"
            ex="true"
            overriding="false">
        <C18>
        </C18>
        <C18-AS>
        </C18-AS>
        <C18-LD>
        </C18-LD>
        <C18LanguageToolchain>
        </C18LanguageToolchain>
      </item>
      <item path="../../../external/FreeRTOS/Source/include/queue.h"
            ex="true"
            overriding="false">
        <C18>
        </C18>
        <C18-AS>
        </C18-AS>
        <C18-LD>
        </C18-LD>
        <C18LanguageToolchain>
        </C18LanguageToolchain>
      </item>
      <item path="../../../external/FreeRTOS/Source/include/semphr.h"
            ex="true"
            overriding="false">
        <C18>
        </C18>
        <C18-AS>
        </C18-AS>
        <C18-LD>
        </C18-LD>
        <C18LanguageToolchain>
        </C18LanguageToolchain>
      </item>
      <item path="../../../external/FreeRTOS/Source/include/task.h"
            ex="true"
            overriding="false">
        <C18>
        </C18>
        <C18-AS>
        </C18-AS>
        <C18-LD>
        </C18-LD>
        <C18LanguageToolchain>
        </C18LanguageToolchain>
      </item>
      <item path="../../../external/FreeRTOS/Source/include/timers.h"
            ex="true"
            overriding="false">
        <C18>
        </C18>
        <C18-AS>
        </C18-AS>
        <C18-LD>
        </C18-LD>
        <C18LanguageToolchain>
        </C18LanguageToolchain>
      </item>
      <item path="../../../external/FreeRTOS/Source/list.c"
            ex="true"
            overriding="false">
        <C18>
        </C18>
        <C18-AS>
        </C18-AS>
        <C18-LD>
        </C18-LD>
        <C18LanguageToolchain>
        </C18LanguageToolchain>
      </item>
      <item path="../../../external/FreeRTOS/Source/portable/MPLAB/PIC32MX/ISR_Support.h"
            ex="true"
            overriding="false">
        <C18>
        </C18>
        <C18-AS>
        </C18-AS>
        <C18-LD>
        </C18-LD>
        <C18LanguageToolchain>
        </C18LanguageToolchain>
      </item>
      <item path="../../../external/FreeRTOS/Source/portable/MPLAB/PIC32MX/port.c"
            ex="true"
            overriding="false">
        <C18>
        </C18>
        <C18-AS>
        </C18-AS>
        <C18-LD>
        </C18-LD>
        <C18LanguageToolchain>
        </C18LanguageToolchain>
      </item>
      <item path="../../../external/FreeRTOS/Source/portable/MPLAB/PIC32MX/port_asm.S"
            ex="true"
            overriding="false">
        <C18>
        </C18>
        <C18-AS>
        </C18-AS>
        <C18-LD>
        </C18-LD>
        <C18LanguageToolchain>
        </C18LanguageToolchain>
      </item>
      <item path="../../../external/FreeRTOS/Source/portable/MPLAB/PIC32MX/portmacro.h"
            ex="true"
            overriding="false">
        <C18>
        </C18>
        <C18-AS>
        </C18-AS>
        <C18-LD>
        </C18-LD>
        <C18LanguageToolchain>
        </C18LanguageToolchain>
      </item>
      <item path="../../../external/FreeRTOS/Source/portable/MemMang/heap_3.c"
            ex="true"
            overriding="false">
        <C18>
        </C18>
        <C18-AS>
        </C18-AS>
        <C18-LD>
        </C18-LD>
        <C18LanguageToolchain>
        </C18LanguageToolchain>
      </item>
      <item path="../../../external/FreeRTOS/Source/queue.c"
            ex="true"
            overriding="false">
        <C18>
        </C18>
        <C18-AS>
        </C18-AS>
        <C18-LD>
        </C18-LD>
        <C18LanguageToolchain>
        </C18LanguageToolchain>
      </item>
      <item path="../../../external/FreeRTOS/Source/tasks.c"
            ex="true"
            overriding="false">
        <C18>
        </C18>
        <C18-AS>
        </C18-AS>
        <C18-LD>
        </C18-LD>
        <C18LanguageToolchain>
        </C18LanguageToolchain>
      </item>
      <item path="../../../external/FreeRTOS/Source/timers.c"
            ex="true"
            overriding="false">
        <C18>
        </C18>
        <C18-AS>
        </C18-AS>
        <C18-LD>
        </C18-LD>
        <C18LanguageToolchain>
        </C18LanguageToolchain>
      </item>
      <item path="../../../external/Microchip/TCPIP Stack/ETHPIC32ExtPhy.c"
            ex="true"
            overriding="false">
        <C18>
        </C18>
        <C18-AS>
        </C18-AS>
        <C18-LD>
        </C18-LD>
        <C18LanguageToolchain>
        </C18LanguageToolchain>
      </item>
      <item path="../../../external/Microchip/TCPIP Stack/ETHPIC32ExtPhyDP83848.c"
            ex="true"
            overriding="false">
        <C18>
        </C18>
        <C18-AS>
        </C18-AS>
        <C18-LD>
        </C18-LD>
        <C18LanguageToolchain>
        </C18LanguageToolchain>
      </item>
      <item path="../../../external/Microchip/TCPIP Stack/ETHPIC32IntMac.c"
            ex="true"
            overriding="false">
        <C18>
        </C18>
        <C18-AS>
        </C18-AS>
        <C18-LD>
        </C18-LD>
        <C18LanguageToolchain>
        </C18LanguageToolchain>
      </item>
      <item path="../../../src/modules/random/dummy/unabto_random_dummy.c"
            ex="true"
            overriding="false">
        <C18>
        </C18>
        <C18-AS>
        </C18-AS>
        <C18-LD>
        </C18-LD>
        <C18LanguageToolchain>
        </C18LanguageToolchain>
      </item>
      <item path="../../../src/platforms/pic32/unabto_environment_pic32.c"
            ex="true"
            overriding="false">
        <C18>
        </C18>
        <C18-AS>
        </C18-AS>
        <C18-LD>
        </C18-LD>
        <C18LanguageToolchain>
        </C18LanguageToolchain>
      </item>
      <item path="../linker/pic18f67j60.lkr" ex="true" overriding="false">
        <C18>
        </C18>
        <C18-AS>
        </C18-AS>
        <C18-LD>
        </C18-LD>
        <C18LanguageToolchain>
        </C18LanguageToolchain>
      </item>
      <item path="../src/Extra/OLED.h" ex="true" overriding="false">
        <C18>
        </C18>
        <C18-AS>
        </C18-AS>
        <C18-LD>
        </C18-LD>
        <C18LanguageToolchain>
        </C18LanguageToolchain>
      </item>
      <item path="../src/Extra/OSDOLED.c" ex="true" overriding="false">
        <C18>
        </C18>
        <C18-AS>
        </C18-AS>
        <C18-LD>
        </C18-LD>
        <C18LanguageToolchain>
        </C18LanguageToolchain>
      </item>
      <item path="../src/FreeRTOSConfig.h" ex="true" overriding="false">
        <C18>
        </C18>
        <C18-AS>
        </C18-AS>
        <C18-LD>
        </C18-LD>
        <C18LanguageToolchain>
        </C18LanguageToolchain>
      </item>
      <item path="../src/main_freertos.c" ex="true" overriding="false">
        <C18>
        </C18>
        <C18-AS>
        </C18-AS>
        <C18-LD>
        </C18-LD>
        <C18LanguageToolchain>
        </C18LanguageToolchain>
      </item>
      <C18>
        <property key="code-model" value="ml"/>
        <property key="data-model" value="oa-"/>
        <property key="default-char-unsigned" value="false"/>
        <property key="enable-all-optimizations" value="true"/>
        <property key="enable-int-promotion" value="false"/>
        <property key="enable-multi-bank-stack-model" value="true"/>
        <property key="enable-ob" value="true"/>
        <property key="enable-od" value="true"/>
        <property key="enable-om" value="true"/>
        <property key="enable-on" value="true"/>
        <property key="enable-op" value="true"/>
        <property key="enable-opa" value="true"/>
        <property key="enable-or" value="true"/>
        <property key="enable-os" value="true"/>
        <property key="enable-ot" value="true"/>
        <property key="enable-ou" value="true"/>
        <property key="enable-ow" value="true"/>
        <property key="extra-include-directories"
                  value="../../../src;../src;../../../external/Microchip/Include;../../../src/platforms/pic18"/>
        <property key="optimization-master" value="Enable all"/>
        <property key="preprocessor-macros"
                  value="CFG_INCLUDE_PICDN2_ETH97;NABTO_DEVICE=NABTO_DEVICE_PIC18;NABTO_DONT_USE_BOOTLOADER=1"/>
        <property key="procedural-abstraction-passes" value="0"/>
        <property key="storage-class" value="sca"/>
        <property key="verbose" value="false"/>
        <property key="warning-level" value="2"/>
      </C18>
      <C18-AS>
        <property key="cross.reference.file" value=""/>
        <property key="default.radix" value="HEX"/>
        <property key="enable.case.sensitivity" value="true"/>
        <property key="hex.output.format" value="INHX32"/>
        <property key="preprocessor.macros" value=""/>
        <property key="warning.level" value="0"/>
      </C18-AS>
      <C18-LD>
        <property key="cod-file" value="false"/>
        <property key="extra-lib-directories" value=""/>
        <property key="hex-output-format" value="INHX32"/>
        <property key="map-file" value=""/>
      </C18-LD>
      <C18LanguageToolchain>
        <property key="extended-mode" value="false"/>
        <property key="extended-mode-mcc18" value="false"/>
        <property key="extended-mode-mpasm" value="false"/>
        <property key="extended-mode-mplink" value="false"/>
        <property key="stack-analysis" value="false"/>
        <property key="stack-analysis-mcc18" value="false"/>
        <property key="stack-analysis-mplink" value="false"/>
      </C18LanguageToolchain>
      <ICD3PlatformTool>
        <property key="AutoSelectMemRanges" value="auto"/>
        <property key="Freeze Peripherals" value="true"/>
        <property key="SecureSegment.SegmentProgramming" value="FullChipProgramming"/>
        <property key="ToolFirmwareFilePath"
                  value="Press to browse for a specific firmware version"/>
        <property key="ToolFirmwareOption.UseLatestFirmware" value="true"/>
        <property key="debugoptions.useswbreakpoints" value="false"/>
        <property key="hwtoolclock.frcindebug" value="false"/>
        <property key="memories.aux" value="false"/>
        <property key="memories.bootflash" value="false"/>
        <property key="memories.configurationmemory" value="false"/>
        <property key="memories.eeprom" value="true"/>
        <property key="memories.flashdata" value="true"/>
        <property key="memories.id" value="true"/>
        <property key="memories.programmemory" value="true"/>
        <property key="memories.programmemory.end" value="0x1fff7"/>
        <property key="memories.programmemory.start" value="0x0"/>
        <property key="poweroptions.powerenable" value="false"/>
        <property key="programoptions.eraseb4program" value="true"/>
        <property key="programoptions.preserveeeprom" value="false"/>
        <property key="programoptions.preserveprogramrange" value="false"/>
        <property key="programoptions.preserveprogramrange.end" value="0x1fff7"/>
        <property key="programoptions.preserveprogramrange.start" value="0x0"/>
        <property key="programoptions.preserveuserid" value="false"/>
        <property key="programoptions.usehighvoltageonmclr" value="false"/>
        <property key="programoptions.uselvpprogramming" value="false"/>
        <property key="voltagevalue" value="3.25"/>
      </ICD3PlatformTool>
    </conf>
    <conf name="pic_internet_radio" type="2">
      <toolsSet>
        <developmentServer>localhost</developmentServer>
        <targetDevice>PIC18F67J60</targetDevice>
        <targetHeader></targetHeader>
        <targetPluginBoard></targetPluginBoard>
        <platformTool>ICD3PlatformTool</platformTool>
        <languageToolchain>C18</languageToolchain>
        <languageToolchainVersion>3.40</languageToolchainVersion>
        <platform>2</platform>
      </toolsSet>
      <compileType>
        <linkerTool>
          <linkerLibItems>
          </linkerLibItems>
        </linkerTool>
        <loading>
          <useAlternateLoadableFile>false</useAlternateLoadableFile>
          <alternateLoadableFile></alternateLoadableFile>
        </loading>
      </compileType>
      <makeCustomizationType>
        <makeCustomizationPreStepEnabled>false</makeCustomizationPreStepEnabled>
        <makeCustomizationPreStep></makeCustomizationPreStep>
        <makeCustomizationPostStepEnabled>false</makeCustomizationPostStepEnabled>
        <makeCustomizationPostStep></makeCustomizationPostStep>
        <makeCustomizationPutChecksumInUserID>false</makeCustomizationPutChecksumInUserID>
        <makeCustomizationEnableLongLines>false</makeCustomizationEnableLongLines>
        <makeCustomizationNormalizeHexFile>false</makeCustomizationNormalizeHexFile>
      </makeCustomizationType>
      <item path="../../../external/FreeRTOS/Source/croutine.c"
            ex="true"
            overriding="false">
        <C18>
        </C18>
        <C18-AS>
        </C18-AS>
        <C18-LD>
        </C18-LD>
        <C18LanguageToolchain>
        </C18LanguageToolchain>
      </item>
      <item path="../../../external/FreeRTOS/Source/include/FreeRTOS.h"
            ex="true"
            overriding="false">
        <C18>
        </C18>
        <C18-AS>
        </C18-AS>
        <C18-LD>
        </C18-LD>
        <C18LanguageToolchain>
        </C18LanguageToolchain>
      </item>
      <item path="../../../external/FreeRTOS/Source/include/StackMacros.h"
            ex="true"
            overriding="false">
        <C18>
        </C18>
        <C18-AS>
        </C18-AS>
        <C18-LD>
        </C18-LD>
        <C18LanguageToolchain>
        </C18LanguageToolchain>
      </item>
      <item path="../../../external/FreeRTOS/Source/include/croutine.h"
            ex="true"
            overriding="false">
        <C18>
        </C18>
        <C18-AS>
        </C18-AS>
        <C18-LD>
        </C18-LD>
        <C18LanguageToolchain>
        </C18LanguageToolchain>
      </item>
      <item path="../../../external/FreeRTOS/Source/include/list.h"
            ex="true"
            overriding="false">
        <C18>
        </C18>
        <C18-AS>
        </C18-AS>
        <C18-LD>
        </C18-LD>
        <C18LanguageToolchain>
        </C18LanguageToolchain>
      </item>
      <item path="../../../external/FreeRTOS/Source/include/mpu_wrappers.h"
            ex="true"
            overriding="false">
        <C18>
        </C18>
        <C18-AS>
        </C18-AS>
        <C18-LD>
        </C18-LD>
        <C18LanguageToolchain>
        </C18LanguageToolchain>
      </item>
      <item path="../../../external/FreeRTOS/Source/include/portable.h"
            ex="true"
            overriding="false">
        <C18>
        </C18>
        <C18-AS>
        </C18-AS>
        <C18-LD>
        </C18-LD>
        <C18LanguageToolchain>
        </C18LanguageToolchain>
      </item>
      <item path="../../../external/FreeRTOS/Source/include/projdefs.h"
            ex="true"
            overriding="false">
        <C18>
        </C18>
        <C18-AS>
        </C18-AS>
        <C18-LD>
        </C18-LD>
        <C18LanguageToolchain>
        </C18LanguageToolchain>
      </item>
      <item path="../../../external/FreeRTOS/Source/include/queue.h"
            ex="true"
            overriding="false">
        <C18>
        </C18>
        <C18-AS>
        </C18-AS>
        <C18-LD>
        </C18-LD>
        <C18LanguageToolchain>
        </C18LanguageToolchain>
      </item>
      <item path="../../../external/FreeRTOS/Source/include/semphr.h"
            ex="true"
            overriding="false">
        <C18>
        </C18>
        <C18-AS>
        </C18-AS>
        <C18-LD>
        </C18-LD>
        <C18LanguageToolchain>
        </C18LanguageToolchain>
      </item>
      <item path="../../../external/FreeRTOS/Source/include/task.h"
            ex="true"
            overriding="false">
        <C18>
        </C18>
        <C18-AS>
        </C18-AS>
        <C18-LD>
        </C18-LD>
        <C18LanguageToolchain>
        </C18LanguageToolchain>
      </item>
      <item path="../../../external/FreeRTOS/Source/include/timers.h"
            ex="true"
            overriding="false">
        <C18>
        </C18>
        <C18-AS>
        </C18-AS>
        <C18-LD>
        </C18-LD>
        <C18LanguageToolchain>
        </C18LanguageToolchain>
      </item>
      <item path="../../../external/FreeRTOS/Source/list.c"
            ex="true"
            overriding="false">
        <C18>
        </C18>
        <C18-AS>
        </C18-AS>
        <C18-LD>
        </C18-LD>
        <C18LanguageToolchain>
        </C18LanguageToolchain>
      </item>
      <item path="../../../external/FreeRTOS/Source/portable/MPLAB/PIC32MX/ISR_Support.h"
            ex="true"
            overriding="false">
        <C18>
        </C18>
        <C18-AS>
        </C18-AS>
        <C18-LD>
        </C18-LD>
        <C18LanguageToolchain>
        </C18LanguageToolchain>
      </item>
      <item path="../../../external/FreeRTOS/Source/portable/MPLAB/PIC32MX/port.c"
            ex="true"
            overriding="false">
        <C18>
        </C18>
        <C18-AS>
        </C18-AS>
        <C18-LD>
        </C18-LD>
        <C18LanguageToolchain>
        </C18LanguageToolchain>
      </item>
      <item path="../../../external/FreeRTOS/Source/portable/MPLAB/PIC32MX/port_asm.S"
            ex="true"
            overriding="false">
        <C18>
        </C18>
        <C18-AS>
        </C18-AS>
        <C18-LD>
        </C18-LD>
        <C18LanguageToolchain>
        </C18LanguageToolchain>
      </item>
      <item path="../../../external/FreeRTOS/Source/portable/MPLAB/PIC32MX/portmacro.h"
            ex="true"
            overriding="false">
        <C18>
        </C18>
        <C18-AS>
        </C18-AS>
        <C18-LD>
        </C18-LD>
        <C18LanguageToolchain>
        </C18LanguageToolchain>
      </item>
      <item path="../../../external/FreeRTOS/Source/portable/MemMang/heap_3.c"
            ex="true"
            overriding="false">
        <C18>
        </C18>
        <C18-AS>
        </C18-AS>
        <C18-LD>
        </C18-LD>
        <C18LanguageToolchain>
        </C18LanguageToolchain>
      </item>
      <item path="../../../external/FreeRTOS/Source/queue.c"
            ex="true"
            overriding="false">
        <C18>
        </C18>
        <C18-AS>
        </C18-AS>
        <C18-LD>
        </C18-LD>
        <C18LanguageToolchain>
        </C18LanguageToolchain>
      </item>
      <item path="../../../external/FreeRTOS/Source/tasks.c"
            ex="true"
            overriding="false">
        <C18>
        </C18>
        <C18-AS>
        </C18-AS>
        <C18-LD>
        </C18-LD>
        <C18LanguageToolchain>
        </C18LanguageToolchain>
      </item>
      <item path="../../../external/FreeRTOS/Source/timers.c"
            ex="true"
            overriding="false">
        <C18>
        </C18>
        <C18-AS>
        </C18-AS>
        <C18-LD>
        </C18-LD>
        <C18LanguageToolchain>
        </C18LanguageToolchain>
      </item>
      <item path="../../../external/Microchip/TCPIP Stack/ETHPIC32ExtPhy.c"
            ex="true"
            overriding="false">
        <C18>
        </C18>
        <C18-AS>
        </C18-AS>
        <C18-LD>
        </C18-LD>
        <C18LanguageToolchain>
        </C18LanguageToolchain>
      </item>
      <item path="../../../external/Microchip/TCPIP Stack/ETHPIC32ExtPhyDP83848.c"
            ex="true"
            overriding="false">
        <C18>
        </C18>
        <C18-AS>
        </C18-AS>
        <C18-LD>
        </C18-LD>
        <C18LanguageToolchain>
        </C18LanguageToolchain>
      </item>
      <item path="../../../external/Microchip/TCPIP Stack/ETHPIC32IntMac.c"
            ex="true"
            overriding="false">
        <C18>
        </C18>
        <C18-AS>
        </C18-AS>
        <C18-LD>
        </C18-LD>
        <C18LanguageToolchain>
        </C18LanguageToolchain>
      </item>
      <item path="../../../src/modules/random/dummy/unabto_random_dummy.c"
            ex="true"
            overriding="false">
        <C18>
        </C18>
        <C18-AS>
        </C18-AS>
        <C18-LD>
        </C18-LD>
        <C18LanguageToolchain>
        </C18LanguageToolchain>
      </item>
      <item path="../../../src/platforms/pic32/unabto_environment_pic32.c"
            ex="true"
            overriding="false">
        <C18>
        </C18>
        <C18-AS>
        </C18-AS>
        <C18-LD>
        </C18-LD>
        <C18LanguageToolchain>
        </C18LanguageToolchain>
      </item>
      <item path="../linker/pic18f97j60.lkr" ex="true" overriding="false">
        <C18>
        </C18>
        <C18-AS>
        </C18-AS>
        <C18-LD>
        </C18-LD>
        <C18LanguageToolchain>
        </C18LanguageToolchain>
      </item>
      <item path="../src/FreeRTOSConfig.h" ex="true" overriding="false">
        <C18>
        </C18>
        <C18-AS>
        </C18-AS>
        <C18-LD>
        </C18-LD>
        <C18LanguageToolchain>
        </C18LanguageToolchain>
      </item>
      <item path="../src/main_freertos.c" ex="true" overriding="false">
        <C18>
        </C18>
        <C18-AS>
        </C18-AS>
        <C18-LD>
        </C18-LD>
        <C18LanguageToolchain>
        </C18LanguageToolchain>
      </item>
      <C18>
        <property key="code-model" value="ml"/>
        <property key="data-model" value="oa-"/>
        <property key="default-char-unsigned" value="false"/>
        <property key="enable-all-optimizations" value="true"/>
        <property key="enable-int-promotion" value="false"/>
        <property key="enable-multi-bank-stack-model" value="true"/>
        <property key="enable-ob" value="true"/>
        <property key="enable-od" value="true"/>
        <property key="enable-om" value="true"/>
        <property key="enable-on" value="true"/>
        <property key="enable-op" value="true"/>
        <property key="enable-opa" value="true"/>
        <property key="enable-or" value="true"/>
        <property key="enable-os" value="true"/>
        <property key="enable-ot" value="true"/>
        <property key="enable-ou" value="true"/>
        <property key="enable-ow" value="true"/>
        <property key="extra-include-directories"
                  value="../../../src;../src;../../../external/Microchip/Include;../../../src/platforms/pic18"/>
        <property key="optimization-master" value="Enable all"/>
        <property key="preprocessor-macros"
                  value="CFG_INCLUDE_INTERNET_RADIO;NABTO_DEVICE=NABTO_DEVICE_PIC18;NABTO_DONT_USE_BOOTLOADER=1"/>
        <property key="procedural-abstraction-passes" value="0"/>
        <property key="storage-class" value="sca"/>
        <property key="verbose" value="false"/>
        <property key="warning-level" value="2"/>
      </C18>
      <C18-AS>
        <property key="cross.reference.file" value=""/>
        <property key="default.radix" value="HEX"/>
        <property key="enable.case.sensitivity" value="true"/>
        <property key="hex.output.format" value="INHX32"/>
        <property key="preprocessor.macros" value=""/>
        <property key="warning.level" value="0"/>
      </C18-AS>
      <C18-LD>
        <property key="cod-file" value="false"/>
        <property key="extra-lib-directories" value=""/>
        <property key="hex-output-format" value="INHX32"/>
        <property key="map-file" value=""/>
      </C18-LD>
      <C18LanguageToolchain>
        <property key="extended-mode" value="false"/>
        <property key="extended-mode-mcc18" value="false"/>
        <property key="extended-mode-mpasm" value="false"/>
        <property key="extended-mode-mplink" value="false"/>
        <property key="stack-analysis" value="false"/>
        <property key="stack-analysis-mcc18" value="false"/>
        <property key="stack-analysis-mplink" value="false"/>
      </C18LanguageToolchain>
      <ICD3PlatformTool>
        <property key="AutoSelectMemRanges" value="auto"/>
        <property key="Freeze Peripherals" value="true"/>
        <property key="SecureSegment.SegmentProgramming" value="FullChipProgramming"/>
        <property key="ToolFirmwareFilePath"
                  value="Press to browse for a specific firmware version"/>
        <property key="ToolFirmwareOption.UseLatestFirmware" value="true"/>
        <property key="debugoptions.useswbreakpoints" value="false"/>
        <property key="hwtoolclock.frcindebug" value="false"/>
        <property key="memories.aux" value="false"/>
        <property key="memories.bootflash" value="false"/>
        <property key="memories.configurationmemory" value="false"/>
        <property key="memories.eeprom" value="true"/>
        <property key="memories.flashdata" value="true"/>
        <property key="memories.id" value="true"/>
        <property key="memories.programmemory" value="true"/>
        <property key="memories.programmemory.end" value="0x1fff7"/>
        <property key="memories.programmemory.start" value="0x0"/>
        <property key="poweroptions.powerenable" value="false"/>
        <property key="programoptions.eraseb4program" value="true"/>
        <property key="programoptions.preserveeeprom" value="false"/>
        <property key="programoptions.preserveprogramrange" value="false"/>
        <property key="programoptions.preserveprogramrange.end" value="0x1fff7"/>
        <property key="programoptions.preserveprogramrange.start" value="0x0"/>
        <property key="programoptions.preserveuserid" value="false"/>
        <property key="programoptions.usehighvoltageonmclr" value="false"/>
        <property key="programoptions.uselvpprogramming" value="false"/>
        <property key="voltagevalue" value="3.25"/>
      </ICD3PlatformTool>
    </conf>
    <conf name="pic32_ethernet_starter_kit" type="2">
      <toolsSet>
        <developmentServer>localhost</developmentServer>
        <targetDevice>PIC32MX795F512L</targetDevice>
        <targetHeader></targetHeader>
        <targetPluginBoard></targetPluginBoard>
        <platformTool>SKDEPIC32PlatformTool</platformTool>
        <languageToolchain>XC32</languageToolchain>
        <languageToolchainVersion>1.10</languageToolchainVersion>
        <platform>2</platform>
      </toolsSet>
      <compileType>
        <linkerTool>
          <linkerLibItems>
          </linkerLibItems>
        </linkerTool>
        <loading>
          <useAlternateLoadableFile>false</useAlternateLoadableFile>
          <alternateLoadableFile></alternateLoadableFile>
        </loading>
      </compileType>
      <makeCustomizationType>
        <makeCustomizationPreStepEnabled>false</makeCustomizationPreStepEnabled>
        <makeCustomizationPreStep></makeCustomizationPreStep>
        <makeCustomizationPostStepEnabled>false</makeCustomizationPostStepEnabled>
        <makeCustomizationPostStep></makeCustomizationPostStep>
        <makeCustomizationPutChecksumInUserID>false</makeCustomizationPutChecksumInUserID>
        <makeCustomizationEnableLongLines>false</makeCustomizationEnableLongLines>
        <makeCustomizationNormalizeHexFile>false</makeCustomizationNormalizeHexFile>
      </makeCustomizationType>
      <item path="../../../external/FreeRTOS/Source/croutine.c"
            ex="true"
            overriding="false">
        <C32>
        </C32>
        <C32-AS>
        </C32-AS>
        <C32-LD>
        </C32-LD>
        <C32CPP>
        </C32CPP>
        <C32Global>
        </C32Global>
      </item>
      <item path="../../../external/FreeRTOS/Source/include/FreeRTOS.h"
            ex="true"
            overriding="false">
        <C32>
        </C32>
        <C32-AS>
        </C32-AS>
        <C32-LD>
        </C32-LD>
        <C32CPP>
        </C32CPP>
        <C32Global>
        </C32Global>
      </item>
      <item path="../../../external/FreeRTOS/Source/include/StackMacros.h"
            ex="true"
            overriding="false">
        <C32>
        </C32>
        <C32-AS>
        </C32-AS>
        <C32-LD>
        </C32-LD>
        <C32CPP>
        </C32CPP>
        <C32Global>
        </C32Global>
      </item>
      <item path="../../../external/FreeRTOS/Source/include/croutine.h"
            ex="true"
            overriding="false">
        <C32>
        </C32>
        <C32-AS>
        </C32-AS>
        <C32-LD>
        </C32-LD>
        <C32CPP>
        </C32CPP>
        <C32Global>
        </C32Global>
      </item>
      <item path="../../../external/FreeRTOS/Source/include/list.h"
            ex="true"
            overriding="false">
        <C32>
        </C32>
        <C32-AS>
        </C32-AS>
        <C32-LD>
        </C32-LD>
        <C32CPP>
        </C32CPP>
        <C32Global>
        </C32Global>
      </item>
      <item path="../../../external/FreeRTOS/Source/include/mpu_wrappers.h"
            ex="true"
            overriding="false">
        <C32>
        </C32>
        <C32-AS>
        </C32-AS>
        <C32-LD>
        </C32-LD>
        <C32CPP>
        </C32CPP>
        <C32Global>
        </C32Global>
      </item>
      <item path="../../../external/FreeRTOS/Source/include/portable.h"
            ex="true"
            overriding="false">
        <C32>
        </C32>
        <C32-AS>
        </C32-AS>
        <C32-LD>
        </C32-LD>
        <C32CPP>
        </C32CPP>
        <C32Global>
        </C32Global>
      </item>
      <item path="../../../external/FreeRTOS/Source/include/projdefs.h"
            ex="true"
            overriding="false">
        <C32>
        </C32>
        <C32-AS>
        </C32-AS>
        <C32-LD>
        </C32-LD>
        <C32CPP>
        </C32CPP>
        <C32Global>
        </C32Global>
      </item>
      <item path="../../../external/FreeRTOS/Source/include/queue.h"
            ex="true"
            overriding="false">
        <C32>
        </C32>
        <C32-AS>
        </C32-AS>
        <C32-LD>
        </C32-LD>
        <C32CPP>
        </C32CPP>
        <C32Global>
        </C32Global>
      </item>
      <item path="../../../external/FreeRTOS/Source/include/semphr.h"
            ex="true"
            overriding="false">
        <C32>
        </C32>
        <C32-AS>
        </C32-AS>
        <C32-LD>
        </C32-LD>
        <C32CPP>
        </C32CPP>
        <C32Global>
        </C32Global>
      </item>
      <item path="../../../external/FreeRTOS/Source/include/task.h"
            ex="true"
            overriding="false">
        <C32>
        </C32>
        <C32-AS>
        </C32-AS>
        <C32-LD>
        </C32-LD>
        <C32CPP>
        </C32CPP>
        <C32Global>
        </C32Global>
      </item>
      <item path="../../../external/FreeRTOS/Source/include/timers.h"
            ex="true"
            overriding="false">
        <C32>
        </C32>
        <C32-AS>
        </C32-AS>
        <C32-LD>
        </C32-LD>
        <C32CPP>
        </C32CPP>
        <C32Global>
        </C32Global>
      </item>
      <item path="../../../external/FreeRTOS/Source/list.c"
            ex="true"
            overriding="false">
        <C32>
        </C32>
        <C32-AS>
        </C32-AS>
        <C32-LD>
        </C32-LD>
        <C32CPP>
        </C32CPP>
        <C32Global>
        </C32Global>
      </item>
      <item path="../../../external/FreeRTOS/Source/portable/MPLAB/PIC32MX/ISR_Support.h"
            ex="true"
            overriding="false">
        <C32>
        </C32>
        <C32-AS>
        </C32-AS>
        <C32-LD>
        </C32-LD>
        <C32CPP>
        </C32CPP>
        <C32Global>
        </C32Global>
      </item>
      <item path="../../../external/FreeRTOS/Source/portable/MPLAB/PIC32MX/port.c"
            ex="true"
            overriding="false">
        <C32>
        </C32>
        <C32-AS>
        </C32-AS>
        <C32-LD>
        </C32-LD>
        <C32CPP>
        </C32CPP>
        <C32Global>
        </C32Global>
      </item>
      <item path="../../../external/FreeRTOS/Source/portable/MPLAB/PIC32MX/port_asm.S"
            ex="true"
            overriding="false">
        <C32>
        </C32>
        <C32-AS>
        </C32-AS>
        <C32-LD>
        </C32-LD>
        <C32CPP>
        </C32CPP>
        <C32Global>
        </C32Global>
      </item>
      <item path="../../../external/FreeRTOS/Source/portable/MPLAB/PIC32MX/portmacro.h"
            ex="true"
            overriding="false">
        <C32>
        </C32>
        <C32-AS>
        </C32-AS>
        <C32-LD>
        </C32-LD>
        <C32CPP>
        </C32CPP>
        <C32Global>
        </C32Global>
      </item>
      <item path="../../../external/FreeRTOS/Source/portable/MemMang/heap_3.c"
            ex="true"
            overriding="false">
        <C32>
        </C32>
        <C32-AS>
        </C32-AS>
        <C32-LD>
        </C32-LD>
        <C32CPP>
        </C32CPP>
        <C32Global>
        </C32Global>
      </item>
      <item path="../../../external/FreeRTOS/Source/queue.c"
            ex="true"
            overriding="false">
        <C32>
        </C32>
        <C32-AS>
        </C32-AS>
        <C32-LD>
        </C32-LD>
        <C32CPP>
        </C32CPP>
        <C32Global>
        </C32Global>
      </item>
      <item path="../../../external/FreeRTOS/Source/tasks.c"
            ex="true"
            overriding="false">
        <C32>
        </C32>
        <C32-AS>
        </C32-AS>
        <C32-LD>
        </C32-LD>
        <C32CPP>
        </C32CPP>
        <C32Global>
        </C32Global>
      </item>
      <item path="../../../external/FreeRTOS/Source/timers.c"
            ex="true"
            overriding="false">
        <C32>
        </C32>
        <C32-AS>
        </C32-AS>
        <C32-LD>
        </C32-LD>
        <C32CPP>
        </C32CPP>
        <C32Global>
        </C32Global>
      </item>
      <item path="../../../src/platforms/pic18/debug_channel.c"
            ex="true"
            overriding="false">
        <C32>
        </C32>
        <C32-AS>
        </C32-AS>
        <C32-LD>
        </C32-LD>
        <C32CPP>
        </C32CPP>
        <C32Global>
        </C32Global>
      </item>
      <item path="../../../src/platforms/pic18/unabto_platform.c"
            ex="true"
            overriding="false">
        <C32>
        </C32>
        <C32-AS>
        </C32-AS>
        <C32-LD>
        </C32-LD>
        <C32CPP>
        </C32CPP>
        <C32Global>
        </C32Global>
      </item>
      <item path="../linker/pic18f67j60.lkr" ex="true" overriding="false">
        <C32>
        </C32>
        <C32-AS>
        </C32-AS>
        <C32-LD>
        </C32-LD>
        <C32CPP>
        </C32CPP>
        <C32Global>
        </C32Global>
      </item>
      <item path="../linker/pic18f97j60.lkr" ex="true" overriding="false">
        <C32>
        </C32>
        <C32-AS>
        </C32-AS>
        <C32-LD>
        </C32-LD>
        <C32CPP>
        </C32CPP>
        <C32Global>
        </C32Global>
      </item>
      <item path="../src/Extra/OLED.h" ex="true" overriding="false">
        <C32>
        </C32>
        <C32-AS>
        </C32-AS>
        <C32-LD>
        </C32-LD>
        <C32CPP>
        </C32CPP>
        <C32Global>
        </C32Global>
      </item>
      <item path="../src/Extra/OSDOLED.c" ex="true" overriding="false">
        <C32>
        </C32>
        <C32-AS>
        </C32-AS>
        <C32-LD>
        </C32-LD>
        <C32CPP>
        </C32CPP>
        <C32Global>
        </C32Global>
      </item>
      <item path="../src/FreeRTOSConfig.h" ex="true" overriding="false">
        <C32>
        </C32>
        <C32-AS>
        </C32-AS>
        <C32-LD>
        </C32-LD>
        <C32CPP>
        </C32CPP>
        <C32Global>
        </C32Global>
      </item>
      <item path="../src/main_freertos.c" ex="true" overriding="false">
        <C32>
        </C32>
        <C32-AS>
        </C32-AS>
        <C32-LD>
        </C32-LD>
        <C32CPP>
        </C32CPP>
        <C32Global>
        </C32Global>
      </item>
      <C32>
        <property key="additional-warnings" value="false"/>
        <property key="enable-app-io" value="false"/>
        <property key="enable-omit-frame-pointer" value="false"/>
        <property key="enable-symbols" value="true"/>
        <property key="enable-unroll-loops" value="false"/>
        <property key="exclude-floating-point" value="false"/>
        <property key="extra-include-directories"
                  value="../src;../../../src;../../../external/Microchip/Include;../../../src/platforms/pic32"/>
        <property key="generate-16-bit-code" value="false"/>
        <property key="isolate-each-function" value="false"/>
        <property key="make-warnings-into-errors" value="false"/>
        <property key="optimization-level" value=""/>
        <property key="place-data-into-section" value="false"/>
        <property key="post-instruction-scheduling" value="default"/>
        <property key="pre-instruction-scheduling" value="default"/>
        <property key="preprocessor-macros"
                  value="CFG_INCLUDE_PIC32_ETH_SK_ETH795;NABTO_DEVICE=NABTO_DEVICE_PIC32"/>
        <property key="strict-ansi" value="false"/>
        <property key="support-ansi" value="false"/>
        <property key="use-cci" value="false"/>
        <property key="use-indirect-calls" value="false"/>
      </C32>
      <C32-AS>
        <property key="assembler-symbols" value=""/>
        <property key="enable-symbols" value="true"/>
        <property key="exclude-floating-point-library" value="false"/>
        <property key="expand-macros" value="false"/>
        <property key="extra-include-directories-for-assembler" value=""/>
        <property key="extra-include-directories-for-preprocessor" value=""/>
        <property key="false-conditionals" value="false"/>
        <property key="keep-locals" value="false"/>
        <property key="list-assembly" value="false"/>
        <property key="list-source" value="false"/>
        <property key="list-symbols" value="false"/>
        <property key="oXC32asm-list-to-file" value="false"/>
        <property key="omit-debug-dirs" value="false"/>
        <property key="omit-forms" value="false"/>
        <property key="preprocessor-macros" value=""/>
        <property key="warning-level" value=""/>
      </C32-AS>
      <C32-LD>
        <property key="enable-check-sections" value="false"/>
        <property key="exclude-floating-point-library" value="false"/>
        <property key="exclude-standard-libraries" value="false"/>
        <property key="extra-lib-directories" value=""/>
        <property key="generate-16-bit-code" value="false"/>
        <property key="generate-cross-reference-file" value="false"/>
        <property key="heap-size" value="16000"/>
        <property key="input-libraries" value=""/>
        <property key="linker-symbols" value=""/>
        <property key="map-file" value=""/>
        <property key="no-startup-files" value="false"/>
        <property key="optimization-level" value=""/>
        <property key="preprocessor-macros" value=""/>
        <property key="remove-unused-sections" value="false"/>
        <property key="report-memory-usage" value="false"/>
        <property key="stack-size" value="2048"/>
        <property key="symbol-stripping" value=""/>
        <property key="trace-symbols" value=""/>
        <property key="warn-section-align" value="false"/>
      </C32-LD>
      <C32CPP>
        <property key="additional-warnings" value="false"/>
        <property key="check-new" value="false"/>
        <property key="eh-specs" value="true"/>
        <property key="enable-app-io" value="false"/>
        <property key="enable-omit-frame-pointer" value="false"/>
        <property key="enable-symbols" value="true"/>
        <property key="enable-unroll-loops" value="false"/>
        <property key="exceptions" value="true"/>
        <property key="exclude-floating-point" value="false"/>
        <property key="extra-include-directories" value=""/>
        <property key="generate-16-bit-code" value="false"/>
        <property key="isolate-each-function" value="false"/>
        <property key="keep-inline" value="false"/>
        <property key="make-warnings-into-errors" value="false"/>
        <property key="optimization-level" value=""/>
        <property key="place-data-into-section" value="false"/>
        <property key="post-instruction-scheduling" value="default"/>
        <property key="pre-instruction-scheduling" value="default"/>
        <property key="preprocessor-macros" value=""/>
        <property key="rtti" value="true"/>
        <property key="strict-ansi" value="false"/>
        <property key="use-cci" value="false"/>
        <property key="use-indirect-calls" value="false"/>
      </C32CPP>
      <C32Global>
        <property key="legacy-libc" value="false"/>
      </C32Global>
      <SKDEPIC32PlatformTool>
        <property key="whatToProgram" value="all"/>
      </SKDEPIC32PlatformTool>
    </conf>
    <conf name="pic32_freertos" type="2">
      <toolsSet>
        <developmentServer>localhost</developmentServer>
        <targetDevice>PIC32MX795F512L</targetDevice>
        <targetHeader></targetHeader>
        <targetPluginBoard></targetPluginBoard>
        <platformTool>SKDEPIC32PlatformTool</platformTool>
        <languageToolchain>XC32</languageToolchain>
        <languageToolchainVersion>1.10</languageToolchainVersion>
        <platform>2</platform>
      </toolsSet>
      <compileType>
        <linkerTool>
          <linkerLibItems>
          </linkerLibItems>
        </linkerTool>
        <loading>
          <useAlternateLoadableFile>false</useAlternateLoadableFile>
          <alternateLoadableFile></alternateLoadableFile>
        </loading>
      </compileType>
      <makeCustomizationType>
        <makeCustomizationPreStepEnabled>false</makeCustomizationPreStepEnabled>
        <makeCustomizationPreStep></makeCustomizationPreStep>
        <makeCustomizationPostStepEnabled>false</makeCustomizationPostStepEnabled>
        <makeCustomizationPostStep></makeCustomizationPostStep>
        <makeCustomizationPutChecksumInUserID>false</makeCustomizationPutChecksumInUserID>
        <makeCustomizationEnableLongLines>false</makeCustomizationEnableLongLines>
        <makeCustomizationNormalizeHexFile>false</makeCustomizationNormalizeHexFile>
      </makeCustomizationType>
      <item path="../../../external/Microchip/Include/TCPIP Stack/Tick.h"
            ex="true"
            overriding="false">
        <C32>
        </C32>
        <C32-AS>
        </C32-AS>
        <C32-LD>
        </C32-LD>
        <C32CPP>
        </C32CPP>
        <C32Global>
        </C32Global>
      </item>
      <item path="../../../external/Microchip/TCPIP Stack/Tick.c"
            ex="true"
            overriding="false">
        <C32>
        </C32>
        <C32-AS>
        </C32-AS>
        <C32-LD>
        </C32-LD>
        <C32CPP>
        </C32CPP>
        <C32Global>
        </C32Global>
      </item>
      <item path="../../../src/platforms/pic18/debug_channel.c"
            ex="true"
            overriding="false">
        <C32>
        </C32>
        <C32-AS>
        </C32-AS>
        <C32-LD>
        </C32-LD>
        <C32CPP>
        </C32CPP>
        <C32Global>
        </C32Global>
      </item>
      <item path="../../../src/platforms/pic18/unabto_platform.c"
            ex="true"
            overriding="false">
        <C32>
        </C32>
        <C32-AS>
        </C32-AS>
        <C32-LD>
        </C32-LD>
        <C32CPP>
        </C32CPP>
        <C32Global>
        </C32Global>
      </item>
      <item path="../linker/pic18f67j60.lkr" ex="true" overriding="false">
        <C32>
        </C32>
        <C32-AS>
        </C32-AS>
        <C32-LD>
        </C32-LD>
        <C32CPP>
        </C32CPP>
        <C32Global>
        </C32Global>
      </item>
      <item path="../linker/pic18f97j60.lkr" ex="true" overriding="false">
        <C32>
        </C32>
        <C32-AS>
        </C32-AS>
        <C32-LD>
        </C32-LD>
        <C32CPP>
        </C32CPP>
        <C32Global>
        </C32Global>
      </item>
      <item path="../src/Extra/OLED.h" ex="true" overriding="false">
        <C32>
        </C32>
        <C32-AS>
        </C32-AS>
        <C32-LD>
        </C32-LD>
        <C32CPP>
        </C32CPP>
        <C32Global>
        </C32Global>
      </item>
      <item path="../src/Extra/OSDOLED.c" ex="true" overriding="false">
        <C32>
        </C32>
        <C32-AS>
        </C32-AS>
        <C32-LD>
        </C32-LD>
        <C32CPP>
        </C32CPP>
        <C32Global>
        </C32Global>
      </item>
      <item path="../src/main.c" ex="true" overriding="false">
        <C32>
        </C32>
        <C32-AS>
        </C32-AS>
        <C32-LD>
        </C32-LD>
        <C32CPP>
        </C32CPP>
        <C32Global>
        </C32Global>
      </item>
      <C32>
        <property key="additional-warnings" value="false"/>
        <property key="enable-app-io" value="false"/>
        <property key="enable-omit-frame-pointer" value="false"/>
        <property key="enable-symbols" value="true"/>
        <property key="enable-unroll-loops" value="false"/>
        <property key="exclude-floating-point" value="false"/>
        <property key="extra-include-directories"
                  value="../src;../../../src;../../../external/Microchip/Include;../../../external/FreeRTOS/Source/include;../../../external/FreeRTOS/Source/portable/MPLAB/PIC32MX;../../../src/platforms/pic32"/>
        <property key="generate-16-bit-code" value="false"/>
        <property key="isolate-each-function" value="false"/>
        <property key="make-warnings-into-errors" value="false"/>
        <property key="optimization-level" value=""/>
        <property key="place-data-into-section" value="false"/>
        <property key="post-instruction-scheduling" value="default"/>
        <property key="pre-instruction-scheduling" value="default"/>
        <property key="preprocessor-macros"
                  value="CFG_INCLUDE_PIC32_ETH_SK_ETH795;NABTO_DEVICE=NABTO_DEVICE_PIC32"/>
        <property key="strict-ansi" value="false"/>
        <property key="support-ansi" value="false"/>
        <property key="use-cci" value="false"/>
        <property key="use-indirect-calls" value="false"/>
      </C32>
      <C32-AS>
        <property key="assembler-symbols" value=""/>
        <property key="enable-symbols" value="true"/>
        <property key="exclude-floating-point-library" value="false"/>
        <property key="expand-macros" value="false"/>
        <property key="extra-include-directories-for-assembler" value=""/>
        <property key="extra-include-directories-for-preprocessor" value="../src"/>
        <property key="false-conditionals" value="false"/>
        <property key="keep-locals" value="false"/>
        <property key="list-assembly" value="false"/>
        <property key="list-source" value="false"/>
        <property key="list-symbols" value="false"/>
        <property key="oXC32asm-list-to-file" value="false"/>
        <property key="omit-debug-dirs" value="false"/>
        <property key="omit-forms" value="false"/>
        <property key="preprocessor-macros" value=""/>
        <property key="warning-level" value=""/>
      </C32-AS>
      <C32-LD>
        <property key="enable-check-sections" value="false"/>
        <property key="exclude-floating-point-library" value="false"/>
        <property key="exclude-standard-libraries" value="false"/>
        <property key="extra-lib-directories" value=""/>
        <property key="generate-16-bit-code" value="false"/>
        <property key="generate-cross-reference-file" value="false"/>
        <property key="heap-size" value="16000"/>
        <property key="input-libraries" value=""/>
        <property key="linker-symbols" value=""/>
        <property key="map-file" value=""/>
        <property key="no-startup-files" value="false"/>
        <property key="optimization-level" value=""/>
        <property key="preprocessor-macros" value=""/>
        <property key="remove-unused-sections" value="false"/>
        <property key="report-memory-usage" value="false"/>
        <property key="stack-size" value="2048"/>
        <property key="symbol-stripping" value=""/>
        <property key="trace-symbols" value=""/>
        <property key="warn-section-align" value="false"/>
      </C32-LD>
      <C32CPP>
        <property key="additional-warnings" value="false"/>
        <property key="check-new" value="false"/>
        <property key="eh-specs" value="true"/>
        <property key="enable-app-io" value="false"/>
        <property key="enable-omit-frame-pointer" value="false"/>
        <property key="enable-symbols" value="true"/>
        <property key="enable-unroll-loops" value="false"/>
        <property key="exceptions" value="true"/>
        <property key="exclude-floating-point" value="false"/>
        <property key="extra-include-directories" value=""/>
        <property key="generate-16-bit-code" value="false"/>
        <property key="isolate-each-function" value="false"/>
        <property key="keep-inline" value="false"/>
        <property key="make-warnings-into-errors" value="false"/>
        <property key="optimization-level" value=""/>
        <property key="place-data-into-section" value="false"/>
        <property key="post-instruction-scheduling" value="default"/>
        <property key="pre-instruction-scheduling" value="default"/>
        <property key="preprocessor-macros" value=""/>
        <property key="rtti" value="true"/>
        <property key="strict-ansi" value="false"/>
        <property key="use-cci" value="false"/>
        <property key="use-indirect-calls" value="false"/>
      </C32CPP>
      <C32Global>
        <property key="legacy-libc" value="false"/>
      </C32Global>
      <SKDEPIC32PlatformTool>
        <property key="whatToProgram" value="all"/>
      </SKDEPIC32PlatformTool>
    </conf>
  </confs>
</configurationDescriptor>
